{
    "best-safe-selection-rate": 1.0,
    "avg-safe-selection-rate": 0.07138610182088442,
    "STARTS-subset-best-safe-selection-rate": 0.17142857142857143,
    "STARTS-subset-avg-safe-selection-rate": 0.02383075861336731,
    "Ekstazi-subset-best-safe-selection-rate": 0.17142857142857143,
    "Ekstazi-subset-avg-safe-selection-rate": 0.020300472474385517
}