{
    "ba559195-0": 0.014492753623188406,
    "4d24d49d-0": 0.028985507246376812,
    "4d24d49d-1": 0.028985507246376812,
    "ab1f195d-0": 0.028985507246376812,
    "ab1f195d-1": 0.014492753623188406,
    "e7f0ac87-0": 0.014492753623188406,
    "e7f0ac87-1": 0.014492753623188406,
    "e7f0ac87-2": 0.014492753623188406,
    "e7f0ac87-3": 0.014492753623188406,
    "e7f0ac87-4": 0.014492753623188406,
    "e7f0ac87-5": 0.014492753623188406,
    "e7f0ac87-6": 0.014492753623188406,
    "63a111bc-0": 0.028985507246376812,
    "63a111bc-1": 0.028985507246376812,
    "63a111bc-2": 0.014492753623188406,
    "63a111bc-3": 0.028985507246376812,
    "e88831c2-0": 0.014285714285714285,
    "f8bb11cf-0": 0.014285714285714285,
    "f8bb11cf-1": 0.014285714285714285,
    "f8bb11cf-2": 0.014285714285714285,
    "f8bb11cf-3": 0.014285714285714285,
    "f8bb11cf-4": 0.014285714285714285,
    "f8bb11cf-5": 0.014285714285714285,
    "f8bb11cf-6": 0.014285714285714285,
    "fe29c2dd-0": 0.014492753623188406,
    "c53e5639-0": 0.014285714285714285,
    "342b4b2e-0": 0.014285714285714285,
    "342b4b2e-1": 0.014285714285714285,
    "342b4b2e-2": 0.014285714285714285,
    "342b4b2e-3": 0.014285714285714285,
    "342b4b2e-4": 0.014285714285714285,
    "342b4b2e-5": 0.014285714285714285,
    "342b4b2e-6": 0.014285714285714285,
    "de7a2666-0": 0.014492753623188406,
    "de7a2666-1": 0.014492753623188406,
    "de7a2666-2": 0.014492753623188406,
    "de7a2666-3": 0.014492753623188406,
    "de7a2666-4": 0.014492753623188406,
    "de7a2666-5": 0.014492753623188406,
    "de7a2666-6": 0.014492753623188406,
    "de7a2666-7": 0.014492753623188406,
    "de7a2666-8": 0.014492753623188406,
    "de7a2666-9": 0.014492753623188406,
    "de7a2666-10": 0.014492753623188406,
    "de7a2666-11": 0.014492753623188406,
    "de7a2666-12": 0.014492753623188406,
    "de7a2666-13": 0.014492753623188406,
    "946da9d6-0": 0.014285714285714285,
    "946da9d6-1": 0.014285714285714285,
    "946da9d6-2": 0.014285714285714285,
    "946da9d6-3": 0.014285714285714285,
    "946da9d6-4": 0.014285714285714285,
    "946da9d6-5": 0.014285714285714285,
    "946da9d6-6": 0.014285714285714285,
    "946da9d6-7": 0.014285714285714285,
    "946da9d6-8": 0.014285714285714285,
    "946da9d6-9": 0.014285714285714285,
    "946da9d6-10": 0.014285714285714285,
    "b702664b-0": 0.17142857142857143,
    "b702664b-1": 0.17142857142857143,
    "b9d80c7c-0": 0.014285714285714285,
    "e2feaed8-0": 0.014492753623188406,
    "e2feaed8-1": 0.014492753623188406,
    "e2feaed8-2": 0.014492753623188406,
    "e2feaed8-3": 0.014492753623188406,
    "e2feaed8-4": 0.014492753623188406,
    "e2feaed8-5": 0.043478260869565216,
    "e2feaed8-6": 0.014492753623188406,
    "e2feaed8-7": 0.014492753623188406,
    "e2feaed8-8": 0.014492753623188406,
    "e2feaed8-9": 0.014492753623188406,
    "e2feaed8-10": 0.043478260869565216,
    "e2feaed8-11": 0.014492753623188406,
    "e2feaed8-12": 0.014492753623188406,
    "e2feaed8-13": 0.014492753623188406,
    "e2feaed8-14": 0.014492753623188406,
    "e2feaed8-15": 0.014492753623188406,
    "e2feaed8-16": 0.014492753623188406
}