{
    "342b4b2e-0": 2922.8151878757926,
    "342b4b2e-1": 2922.8151878757926,
    "342b4b2e-2": 2922.8151878757926,
    "342b4b2e-3": 2922.8151878757926,
    "342b4b2e-4": 2922.8151878757926,
    "342b4b2e-5": 2922.8151878757926,
    "342b4b2e-6": 2922.8151878757926,
    "4d24d49d-0": 1967.7847711343502,
    "4d24d49d-1": 1967.7847711343502,
    "63a111bc-0": 3021.0207762654577,
    "63a111bc-1": 3021.0207762654577,
    "63a111bc-2": 2927.088823943069,
    "63a111bc-3": 3021.0207762654577,
    "946da9d6-0": 1628.6000496442825,
    "946da9d6-1": 1628.6000496442825,
    "946da9d6-10": 1628.6000496442825,
    "946da9d6-2": 1628.6000496442825,
    "946da9d6-3": 1628.6000496442825,
    "946da9d6-4": 1628.6000496442825,
    "946da9d6-5": 1628.6000496442825,
    "946da9d6-6": 1628.6000496442825,
    "946da9d6-7": 1628.6000496442825,
    "946da9d6-8": 1628.6000496442825,
    "946da9d6-9": 1628.6000496442825,
    "ab1f195d-0": 12028.61209751044,
    "ab1f195d-1": 12028.61209751044,
    "b702664b-0": 3712.397981414569,
    "b702664b-1": 3712.397981414569,
    "b9d80c7c-0": 6930.53303373704,
    "ba559195-0": 12062.723075622625,
    "c53e5639-0": 6898.979222884112,
    "de7a2666-0": 2933.7657421747062,
    "de7a2666-1": 2933.7657421747062,
    "de7a2666-10": 2933.7657421747062,
    "de7a2666-11": 2933.7657421747062,
    "de7a2666-12": 2933.7657421747062,
    "de7a2666-13": 2933.7657421747062,
    "de7a2666-2": 2933.7657421747062,
    "de7a2666-3": 2933.7657421747062,
    "de7a2666-4": 2933.7657421747062,
    "de7a2666-5": 2933.7657421747062,
    "de7a2666-6": 2933.7657421747062,
    "de7a2666-7": 2933.7657421747062,
    "de7a2666-8": 2933.7657421747062,
    "de7a2666-9": 2933.7657421747062,
    "e2feaed8-0": 16803.180511709557,
    "e2feaed8-1": 16803.180511709557,
    "e2feaed8-10": 16803.180511709554,
    "e2feaed8-11": 16803.180511709557,
    "e2feaed8-12": 16803.180511709557,
    "e2feaed8-13": 16803.180511709557,
    "e2feaed8-14": 16803.180511709557,
    "e2feaed8-15": 16803.180511709557,
    "e2feaed8-16": 16803.180511709557,
    "e2feaed8-2": 16803.180511709557,
    "e2feaed8-3": 16803.180511709557,
    "e2feaed8-4": 16803.180511709557,
    "e2feaed8-5": 16803.180511709554,
    "e2feaed8-6": 16803.180511709557,
    "e2feaed8-7": 16803.180511709557,
    "e2feaed8-8": 16803.180511709557,
    "e2feaed8-9": 16803.180511709557,
    "e7f0ac87-0": 2546.760088094658,
    "e7f0ac87-1": 2546.760088094658,
    "e7f0ac87-2": 2546.760088094658,
    "e7f0ac87-3": 2546.760088094658,
    "e7f0ac87-4": 2546.760088094658,
    "e7f0ac87-5": 2546.760088094658,
    "e7f0ac87-6": 2546.760088094658,
    "e88831c2-0": 6816.495020835316,
    "f8bb11cf-0": 2911.9834423891757,
    "f8bb11cf-1": 2911.9834423891757,
    "f8bb11cf-2": 2911.9834423891757,
    "f8bb11cf-3": 2911.9834423891757,
    "f8bb11cf-4": 2911.9834423891757,
    "f8bb11cf-5": 2911.9834423891757,
    "f8bb11cf-6": 2911.9834423891757,
    "fe29c2dd-0": 6797.443717368515
}