{
    "342b4b2e-0": {
        "Ekstazi": 0.014285714285714285,
        "STARTS": 0.014285714285714285
    },
    "342b4b2e-1": {
        "Ekstazi": 0.014285714285714285,
        "STARTS": 0.014285714285714285
    },
    "342b4b2e-2": {
        "Ekstazi": 0.014285714285714285,
        "STARTS": 0.014285714285714285
    },
    "342b4b2e-3": {
        "Ekstazi": 0.014285714285714285,
        "STARTS": 0.014285714285714285
    },
    "342b4b2e-4": {
        "Ekstazi": 0.014285714285714285,
        "STARTS": 0.014285714285714285
    },
    "342b4b2e-5": {
        "Ekstazi": 0.014285714285714285,
        "STARTS": 0.014285714285714285
    },
    "342b4b2e-6": {
        "Ekstazi": 0.014285714285714285,
        "STARTS": 0.014285714285714285
    },
    "4d24d49d-0": {
        "Ekstazi": 0.043478260869565216,
        "STARTS": 0.057971014492753624
    },
    "4d24d49d-1": {
        "Ekstazi": 0.043478260869565216,
        "STARTS": 0.057971014492753624
    },
    "63a111bc-0": {
        "Ekstazi": 0.028985507246376812,
        "STARTS": 0.043478260869565216
    },
    "63a111bc-1": {
        "Ekstazi": 0.028985507246376812,
        "STARTS": 0.043478260869565216
    },
    "63a111bc-2": {
        "Ekstazi": 0.028985507246376812,
        "STARTS": 0.043478260869565216
    },
    "63a111bc-3": {
        "Ekstazi": 0.028985507246376812,
        "STARTS": 0.043478260869565216
    },
    "946da9d6-0": {
        "Ekstazi": 0.02857142857142857,
        "STARTS": 0.02857142857142857
    },
    "946da9d6-1": {
        "Ekstazi": 0.02857142857142857,
        "STARTS": 0.02857142857142857
    },
    "946da9d6-10": {
        "Ekstazi": 0.02857142857142857,
        "STARTS": 0.02857142857142857
    },
    "946da9d6-2": {
        "Ekstazi": 0.02857142857142857,
        "STARTS": 0.02857142857142857
    },
    "946da9d6-3": {
        "Ekstazi": 0.02857142857142857,
        "STARTS": 0.02857142857142857
    },
    "946da9d6-4": {
        "Ekstazi": 0.02857142857142857,
        "STARTS": 0.02857142857142857
    },
    "946da9d6-5": {
        "Ekstazi": 0.02857142857142857,
        "STARTS": 0.02857142857142857
    },
    "946da9d6-6": {
        "Ekstazi": 0.02857142857142857,
        "STARTS": 0.02857142857142857
    },
    "946da9d6-7": {
        "Ekstazi": 0.02857142857142857,
        "STARTS": 0.02857142857142857
    },
    "946da9d6-8": {
        "Ekstazi": 0.02857142857142857,
        "STARTS": 0.02857142857142857
    },
    "946da9d6-9": {
        "Ekstazi": 0.02857142857142857,
        "STARTS": 0.02857142857142857
    },
    "ab1f195d-0": {
        "Ekstazi": 0.028985507246376812,
        "STARTS": 0.043478260869565216
    },
    "ab1f195d-1": {
        "Ekstazi": 0.028985507246376812,
        "STARTS": 0.043478260869565216
    },
    "b702664b-0": {
        "Ekstazi": 0.32857142857142857,
        "STARTS": 0.34285714285714286
    },
    "b702664b-1": {
        "Ekstazi": 0.32857142857142857,
        "STARTS": 0.34285714285714286
    },
    "b9d80c7c-0": {
        "Ekstazi": 0.05714285714285714,
        "STARTS": 0.08571428571428572
    },
    "ba559195-0": {
        "Ekstazi": 0.043478260869565216,
        "STARTS": 0.043478260869565216
    },
    "c53e5639-0": {
        "Ekstazi": 0.05714285714285714,
        "STARTS": 0.08571428571428572
    },
    "de7a2666-0": {
        "Ekstazi": 0.028985507246376812,
        "STARTS": 0.043478260869565216
    },
    "de7a2666-1": {
        "Ekstazi": 0.028985507246376812,
        "STARTS": 0.043478260869565216
    },
    "de7a2666-10": {
        "Ekstazi": 0.028985507246376812,
        "STARTS": 0.043478260869565216
    },
    "de7a2666-11": {
        "Ekstazi": 0.028985507246376812,
        "STARTS": 0.043478260869565216
    },
    "de7a2666-12": {
        "Ekstazi": 0.028985507246376812,
        "STARTS": 0.043478260869565216
    },
    "de7a2666-13": {
        "Ekstazi": 0.028985507246376812,
        "STARTS": 0.043478260869565216
    },
    "de7a2666-2": {
        "Ekstazi": 0.028985507246376812,
        "STARTS": 0.043478260869565216
    },
    "de7a2666-3": {
        "Ekstazi": 0.028985507246376812,
        "STARTS": 0.043478260869565216
    },
    "de7a2666-4": {
        "Ekstazi": 0.028985507246376812,
        "STARTS": 0.043478260869565216
    },
    "de7a2666-5": {
        "Ekstazi": 0.028985507246376812,
        "STARTS": 0.043478260869565216
    },
    "de7a2666-6": {
        "Ekstazi": 0.028985507246376812,
        "STARTS": 0.043478260869565216
    },
    "de7a2666-7": {
        "Ekstazi": 0.028985507246376812,
        "STARTS": 0.043478260869565216
    },
    "de7a2666-8": {
        "Ekstazi": 0.028985507246376812,
        "STARTS": 0.043478260869565216
    },
    "de7a2666-9": {
        "Ekstazi": 0.028985507246376812,
        "STARTS": 0.043478260869565216
    },
    "e2feaed8-0": {
        "Ekstazi": 0.07246376811594203,
        "STARTS": 0.08695652173913043
    },
    "e2feaed8-1": {
        "Ekstazi": 0.07246376811594203,
        "STARTS": 0.08695652173913043
    },
    "e2feaed8-10": {
        "Ekstazi": 0.07246376811594203,
        "STARTS": 0.08695652173913043
    },
    "e2feaed8-11": {
        "Ekstazi": 0.07246376811594203,
        "STARTS": 0.08695652173913043
    },
    "e2feaed8-12": {
        "Ekstazi": 0.07246376811594203,
        "STARTS": 0.08695652173913043
    },
    "e2feaed8-13": {
        "Ekstazi": 0.07246376811594203,
        "STARTS": 0.08695652173913043
    },
    "e2feaed8-14": {
        "Ekstazi": 0.07246376811594203,
        "STARTS": 0.08695652173913043
    },
    "e2feaed8-15": {
        "Ekstazi": 0.07246376811594203,
        "STARTS": 0.08695652173913043
    },
    "e2feaed8-16": {
        "Ekstazi": 0.07246376811594203,
        "STARTS": 0.08695652173913043
    },
    "e2feaed8-2": {
        "Ekstazi": 0.07246376811594203,
        "STARTS": 0.08695652173913043
    },
    "e2feaed8-3": {
        "Ekstazi": 0.07246376811594203,
        "STARTS": 0.08695652173913043
    },
    "e2feaed8-4": {
        "Ekstazi": 0.07246376811594203,
        "STARTS": 0.08695652173913043
    },
    "e2feaed8-5": {
        "Ekstazi": 0.07246376811594203,
        "STARTS": 0.08695652173913043
    },
    "e2feaed8-6": {
        "Ekstazi": 0.07246376811594203,
        "STARTS": 0.08695652173913043
    },
    "e2feaed8-7": {
        "Ekstazi": 0.07246376811594203,
        "STARTS": 0.08695652173913043
    },
    "e2feaed8-8": {
        "Ekstazi": 0.07246376811594203,
        "STARTS": 0.08695652173913043
    },
    "e2feaed8-9": {
        "Ekstazi": 0.07246376811594203,
        "STARTS": 0.08695652173913043
    },
    "e7f0ac87-0": {
        "Ekstazi": 0.014492753623188406,
        "STARTS": 0.014492753623188406
    },
    "e7f0ac87-1": {
        "Ekstazi": 0.014492753623188406,
        "STARTS": 0.014492753623188406
    },
    "e7f0ac87-2": {
        "Ekstazi": 0.014492753623188406,
        "STARTS": 0.014492753623188406
    },
    "e7f0ac87-3": {
        "Ekstazi": 0.014492753623188406,
        "STARTS": 0.014492753623188406
    },
    "e7f0ac87-4": {
        "Ekstazi": 0.014492753623188406,
        "STARTS": 0.014492753623188406
    },
    "e7f0ac87-5": {
        "Ekstazi": 0.014492753623188406,
        "STARTS": 0.014492753623188406
    },
    "e7f0ac87-6": {
        "Ekstazi": 0.014492753623188406,
        "STARTS": 0.014492753623188406
    },
    "e88831c2-0": {
        "Ekstazi": 0.05714285714285714,
        "STARTS": 0.08571428571428572
    },
    "f8bb11cf-0": {
        "Ekstazi": 0.014285714285714285,
        "STARTS": 0.014285714285714285
    },
    "f8bb11cf-1": {
        "Ekstazi": 0.014285714285714285,
        "STARTS": 0.014285714285714285
    },
    "f8bb11cf-2": {
        "Ekstazi": 0.014285714285714285,
        "STARTS": 0.014285714285714285
    },
    "f8bb11cf-3": {
        "Ekstazi": 0.014285714285714285,
        "STARTS": 0.014285714285714285
    },
    "f8bb11cf-4": {
        "Ekstazi": 0.014285714285714285,
        "STARTS": 0.014285714285714285
    },